"entitlement_canonical","entitlement_product_json"
"123movies-downloader","123movies-downloader"
"ai-audio-video-transcription-generator","ai-audio-video-transcription-generator"
"ai-bulk-image-generator","ai-bulk-image-generator"
"ai-voice-cloner","ai-voice-cloner"
"alpha-porno-downloader","alpha-porno-downloader"
"ashemaletube-downloader","ashemaletube-downloader"
"beeg-downloader","beeg-downloader"
"boyfriendtv-downloader","boyfriendtv-downloader"
"circle-downloader","circle-downloader"
"clientclub-downloader","clientclub-downloader"
"coomer-downloader","coomer-downloader"
"coursera-downloader","coursera-downloader"
"demo-payment-adapter","demo-payment-adapter"
"demo-payment-adapter-paypal","demo-payment-adapter-paypal"
"demo-payment-adapter-secondary","demo-payment-adapter-secondary"
"eporner-downloader","eporner-downloader"
"erome-downloader","erome-downloader"
"gohighlevel-downloader","gohighlevel-downloader"
"gokollab-downloader","gokollab-downloader"
"hdzog-downloader","hdzog-downloader"
"hentaihaven-downloader","hentaihaven-downloader"
"justforfans-downloader","justforfans-downloader"
"kajabi-downloader","kajabi-downloader"
"loom-downloader","loom-downloader"
"luxuretv-downloader","luxuretv-downloader"
"m3u8-downloader","m3u8-downloader"
"manyvids-downloader","manyvids-downloader"
"motherless-downloader","motherless-downloader"
"nhentai-downloader","nhentai-downloader"
"onlyfans-downloader","onlyfans-downloader"
"pornhub-downloader","pornhub-downloader"
"porntrex-downloader","porntrex-downloader"
"rawpixel-downloader","rawpixel-downloader"
"redgifs-downloader","redgifs-downloader"
"redtube-downloader","redtube-downloader"
"restore-closed-tabs-extension","restore-closed-tabs-extension"
"serp-downloaders-bundle","serp-downloaders-bundle"
"serp-vpn","serp-vpn"
"skool-downloader","skool-downloader"
"spankbang-downloader","spankbang-downloader"
"sprout-downloader","sprout-downloader"
"subscription-tracking-manager","subscription-tracking-manager"
"thisvid-downloader","thisvid-downloader"
"tiktok-downloader","tiktok-downloader"
"tnaflix-downloader","tnaflix-downloader"
"tokyomotion-downloader","tokyomotion-downloader"
"txxx-downloader","txxx-downloader"
"upornia-downloader","upornia-downloader"
"vimeo-downloader","vimeo-downloader"
"webinarjam-downloader","webinarjam-downloader"
"whop-downloader","whop-downloader"
"wistia-downloader","wistia-downloader"
"xfantazy-downloader","xfantazy-downloader"
"xhamster-downloader","xhamster-downloader"
"xnxx-downloader","xnxx-downloader"
"xvideos-downloader","xvideos-downloader"
"yespornplease-downloader","yespornplease-downloader"
"youjizz-downloader","youjizz-downloader"
"youporn-downloader","youporn-downloader"
"youtube-downloader","youtube-downloader"
