store.serp.co/product-details/product/moodle-downloader,https://apps.serp.co/moodle-downloader,301,false,false,true,false
store.serp.co/product-details/product/dreamstime-downloader,https://apps.serp.co/dreamstime-downloader,301,false,false,true,false
store.serp.co/product-details/product/kick-clip-downloader,https://apps.serp.co/kick-clip-downloader,301,false,false,true,false
store.serp.co/product-details/product/seo-roi-calculator,https://apps.serp.co,301,false,false,true,false
store.serp.co/product-details/product/xnxx-downloader,https://apps.serp.co/xnxx-downloader,301,false,false,true,false
store.serp.co/product-details/product/storyblocks-downloader,https://apps.serp.co/storyblocks-downloader,301,false,false,true,false
store.serp.co/product-details/product/serp-blocks,https://apps.serp.co,301,false,false,true,false
store.serp.co/product-details/product/sprout-video-downloader,https://apps.serp.co/sprout-video-downloader,301,false,false,true,false
store.serp.co/product-details/product/wistia-video-downloader,https://apps.serp.co/wistia-video-downloader,301,false,false,true,false
store.serp.co/products/collections/seo,https://apps.serp.co/categories,301,false,false,true,false
store.serp.co/product-details/product/dream-customers-course,https://apps.serp.co,301,false,false,true,false
store.serp.co/products/collections/coding,https://apps.serp.co/categories,301,false,false,true,false
store.serp.co/,https://apps.serp.co,301,false,false,true,false
store.serp.co/product-details/product/vimeo-video-downloader,https://apps.serp.co/vimeo-video-downloader,301,false,false,true,false
store.serp.co/product-details/product/xhamster-video-downloader,https://apps.serp.co/xhamster-video-downloader,301,false,false,true,false
store.serp.co/product-details/product/youporn-video-downloader,https://apps.serp.co/youporn-video-downloader,301,false,false,true,false
store.serp.co/product-details/product/seo-content-writing-mastery-course,https://apps.serp.co,301,false,false,true,false
store.serp.co/product-details/product/beeg-downloader,https://apps.serp.co/beeg-downloader,301,false,false,true,false
store.serp.co/product-details/product/erothots-downloader,https://apps.serp.co/erothots-downloader,301,false,false,true,false
store.serp.co/product-details/product/erome-downloader,https://apps.serp.co/erome-downloader,301,false,false,true,false
store.serp.co/product-details/product/youtube-downloader,https://apps.serp.co/youtube-downloader,301,false,false,true,false
store.serp.co/product-details/product/ai-voice-cloner,https://apps.serp.co,301,false,false,true,false
store.serp.co/product-details/product/camsoda-downloader,https://apps.serp.co/camsoda-downloader,301,false,false,true,false
store.serp.co/product-details/product/redt-downloader,https://apps.serp.co/redt-downloader,301,false,false,true,false
store.serp.co/product-details/product/tnaflix-downloader,https://apps.serp.co/tnaflix-downloader,301,false,false,true,false
store.serp.co/product-details/product/chaturbate-downloader,https://apps.serp.co/chaturbate-downloader,301,false,false,true,false
store.serp.co/product-details/product/alpha-porno-downloader,https://apps.serp.co/alpha-porno-downloader,301,false,false,true,false
store.serp.co/product-details/product/podia-downloader,https://apps.serp.co/podia-downloader,301,false,false,true,false
store.serp.co/product-details/product/giphy-downloader,https://apps.serp.co/giphy-downloader,301,false,false,true,false
store.serp.co/product-details/product/livejasmin-downloader,https://apps.serp.co/livejasmin-downloader,301,false,false,true,false
store.serp.co/product-details/product/patreon-downloader,https://apps.serp.co/patreon-downloader,301,false,false,true,false
store.serp.co/product-details/product/terabox-downloader,https://apps.serp.co/terabox-downloader,301,false,false,true,false
store.serp.co/product-details/product/clientclub-downloader,https://apps.serp.co/clientclub-downloader,301,false,false,true,false
store.serp.co/product-details/product/deviantart-downloader,https://apps.serp.co/deviantart-downloader,301,false,false,true,false
store.serp.co/product-details/product/redgifs-downloader,https://apps.serp.co/redgifs-downloader,301,false,false,true,false
store.serp.co/product-details/product/xvideos-downloader,https://apps.serp.co/xvideos-downloader,301,false,false,true,false
store.serp.co/product-details/product/serp-downloaders-adult-bundle,https://apps.serp.co/serp-downloaders-adult-bundle,301,false,false,true,false
store.serp.co/products/collections/adult,https://apps.serp.co/categories,301,false,false,true,false
store.serp.co/product-details/product/m3u8-downloader,https://apps.serp.co/m3u8-downloader,301,false,false,true,false
store.serp.co/product-details/product/spankbang-video-downloader,https://apps.serp.co/spankbang-video-downloader,301,false,false,true,false
store.serp.co/product-details/product/teachable-video-downloader,https://apps.serp.co/teachable-video-downloader,301,false,false,true,false
store.serp.co/product-details/product/123movies-downloader,https://apps.serp.co/123movies-downloader,301,false,false,true,false
store.serp.co/product-details/product/vectorstock-downloader,https://apps.serp.co/vectorstock-downloader,301,false,false,true,false
store.serp.co/product-details/product/redtube-video-downloader,https://apps.serp.co/redtube-video-downloader,301,false,false,true,false
store.serp.co/product-details/product/whop-video-downloader,https://apps.serp.co/whop-video-downloader,301,false,false,true,false
store.serp.co/product-details/product/eporner-video-downloader,https://apps.serp.co/eporner-video-downloader,301,false,false,true,false
store.serp.co/product-details/product/flickr-downloader,https://apps.serp.co/flickr-downloader,301,false,false,true,false
store.serp.co/product-details/product/depositphotos-downloader,https://apps.serp.co/depositphotos-downloader,301,false,false,true,false
store.serp.co/product-details/product/onlyfans-downloader,https://apps.serp.co/onlyfans-downloader,301,false,false,true,false
store.serp.co/product-details/product/internet-archive-downloader,https://apps.serp.co/internet-archive-downloader,301,false,false,true,false
store.serp.co/product-details/product/myfreecams-downloader,https://apps.serp.co/myfreecams-downloader,301,false,false,true,false
store.serp.co/products/collections/ai-apps,https://apps.serp.co/categories,301,false,false,true,false
store.serp.co/product-details/product/thumbnail-downloader,https://apps.serp.co/thumbnail-downloader,301,false,false,true,false
store.serp.co/product-details/product/gohighlevel-downloader,https://apps.serp.co/gohighlevel-downloader,301,false,false,true,false
store.serp.co/product-details/product/tiktok-downloader,https://apps.serp.co/tiktok-downloader,301,false,false,true,false
store.serp.co/product-details/product/tumblr-video-downloader,https://apps.serp.co/tumblr-video-downloader,301,false,false,true,false
store.serp.co/product-details/product/twitter-video-downloader,https://apps.serp.co/twitter-video-downloader,301,false,false,true,false
store.serp.co/product-details/product/soundgasm-downloader,https://apps.serp.co/soundgasm-downloader,301,false,false,true,false
store.serp.co/product-details/product/netflix-downloader,https://apps.serp.co/netflix-downloader,301,false,false,true,false
store.serp.co/product-details/product/amazon-video-downloader,https://apps.serp.co/amazon-video-downloader,301,false,false,true,false
store.serp.co/product-details/product/circle-downloader,https://apps.serp.co/circle-downloader,301,false,false,true,false
store.serp.co/product-details/product/loom-video-downloader,https://apps.serp.co/loom-video-downloader,301,false,false,true,false
store.serp.co/product-details/product/canva-downloader,https://apps.serp.co/canva-downloader,301,false,false,true,false
store.serp.co/product-details/product/bongacams-downloader,https://apps.serp.co/bongacams-downloader,301,false,false,true,false
store.serp.co/product-details/product/tubi-downloader,https://apps.serp.co/tubi-downloader,301,false,false,true,false
store.serp.co/product-details/product/learnworlds-downloader,https://apps.serp.co/learnworlds-downloader,301,false,false,true,false
store.serp.co/product-details/product/pixabay-downloader,https://apps.serp.co/pixabay-downloader,301,false,false,true,false
store.serp.co/product-details/product/khan-academy-downloader,https://apps.serp.co/khan-academy-downloader,301,false,false,true,false
store.serp.co/product-details/product/getty-images-downloader,https://apps.serp.co/getty-images-downloader,301,false,false,true,false
store.serp.co/product-details/product/twitch-video-downloader,https://apps.serp.co/twitch-video-downloader,301,false,false,true,false
store.serp.co/product-details/product/pinterest-downloader,https://apps.serp.co/pinterest-downloader,301,false,false,true,false
store.serp.co/product-details/product/stocksy-downloader,https://apps.serp.co/stocksy-downloader,301,false,false,true,false
store.serp.co/product-details/product/vk-video-downloader,https://apps.serp.co/vk-video-downloader,301,false,false,true,false
store.serp.co/product-details/product/stripchat-video-downloader,https://apps.serp.co/stripchat-video-downloader,301,false,false,true,false
store.serp.co/product-details/product/hulu-downloader,https://apps.serp.co/hulu-downloader,301,false,false,true,false
store.serp.co/products/collections/video-downloaders,https://apps.serp.co/categories,301,false,false,true,false
store.serp.co/product-details/product/pornhub-video-downloader,https://apps.serp.co/pornhub-video-downloader,301,false,false,true,false
store.serp.co/product-details/product/freepik-downloader,https://apps.serp.co/freepik-downloader,301,false,false,true,false
store.serp.co/product-details/product/rawpixel-downloader,https://apps.serp.co/rawpixel-downloader,301,false,false,true,false
store.serp.co/products/collections/courses,https://apps.serp.co/categories,301,false,false,true,false
store.serp.co/product-details/product/alamy-downloader,https://apps.serp.co/alamy-downloader,301,false,false,true,false
store.serp.co/product-details/product/skool-video-downloader/,https://apps.serp.co/skool-video-downloader,301,false,false,true,false
store.serp.co/product-details/product/nicovideo-downloader,https://apps.serp.co/nicovideo-downloader,301,false,false,true,false
store.serp.co/product-details/product/gokollab-downloader,https://apps.serp.co/gokollab-downloader,301,false,false,true,false
store.serp.co/product-details/product/coursera-downloader,https://apps.serp.co/coursera-downloader,301,false,false,true,false
store.serp.co/product-details/product/ashemaletube-downloader,https://apps.serp.co/ashemaletube-downloader,301,false,false,true,false
store.serp.co/product-details/product/txxx-downloader,https://apps.serp.co/txxx-downloader,301,false,false,true,false
store.serp.co/products,https://apps.serp.co,301,false,false,true,false
store.serp.co/product-details/product/linkedin-learning-downloader,https://apps.serp.co/linkedin-learning-downloader,301,false,false,true,false
store.serp.co/product-details/product/pdf-downloader,https://apps.serp.co/pdf-downloader,301,false,false,true,false
